id_pelanggan,churn
PLG-10004,0
PLG-10018,0
PLG-10021,0
PLG-10024,0
PLG-10026,0
PLG-10027,0
PLG-10040,0
PLG-10043,0
PLG-10045,0
PLG-10046,0
PLG-10048,0
PLG-10050,0
PLG-10060,0
PLG-10061,0
PLG-10065,0
PLG-10069,0
PLG-10071,0
PLG-10072,0
PLG-10079,0
PLG-10085,0
PLG-10088,0
PLG-10091,0
PLG-10097,0
PLG-10098,0
PLG-10099,0
PLG-10106,0
PLG-10113,0
PLG-10123,0
PLG-10129,0
PLG-10130,0
PLG-10131,0
PLG-10133,0
PLG-10134,0
PLG-10137,0
PLG-10144,0
PLG-10146,0
PLG-10147,0
PLG-10148,0
PLG-10152,0
PLG-10153,0
PLG-10156,0
PLG-10157,0
PLG-10160,0
PLG-10162,0
PLG-10163,0
PLG-10177,0
PLG-10178,0
PLG-10180,0
PLG-10181,0
PLG-10186,0
PLG-10188,0
PLG-10193,0
PLG-10198,0
PLG-10207,0
PLG-10210,0
PLG-10215,0
PLG-10216,0
PLG-10219,0
PLG-10221,0
PLG-10223,0
PLG-10224,0
PLG-10225,0
PLG-10227,0
PLG-10229,0
PLG-10230,0
PLG-10232,0
PLG-10236,0
PLG-10239,0
PLG-10240,0
PLG-10241,0
PLG-10243,0
PLG-10245,0
PLG-10251,0
PLG-10254,0
PLG-10259,0
PLG-10261,0
PLG-10263,0
PLG-10265,0
PLG-10266,0
PLG-10270,0
PLG-10271,0
PLG-10279,0
PLG-10283,0
PLG-10288,0
PLG-10289,0
PLG-10295,0
PLG-10303,0
PLG-10309,0
PLG-10312,0
PLG-10313,0
PLG-10320,0
PLG-10326,0
PLG-10334,0
PLG-10337,0
PLG-10341,0
PLG-10345,0
PLG-10346,0
PLG-10351,0
PLG-10357,0
PLG-10359,0
PLG-10360,0
PLG-10364,0
PLG-10369,0
PLG-10373,0
PLG-10375,0
PLG-10387,0
PLG-10389,0
PLG-10390,0
PLG-10394,0
PLG-10395,0
PLG-10396,0
PLG-10397,0
PLG-10399,0
PLG-10402,0
PLG-10407,0
PLG-10412,0
PLG-10413,0
PLG-10416,0
PLG-10419,0
PLG-10420,0
PLG-10424,0
PLG-10425,0
PLG-10429,0
PLG-10430,0
PLG-10431,0
PLG-10433,0
PLG-10434,0
PLG-10435,0
PLG-10438,0
PLG-10446,0
PLG-10447,0
PLG-10450,0
PLG-10456,0
PLG-10459,0
PLG-10461,0
PLG-10464,0
PLG-10472,0
PLG-10474,0
PLG-10477,0
PLG-10478,0
PLG-10479,0
PLG-10481,0
PLG-10482,0
PLG-10484,0
PLG-10487,0
PLG-10490,0
PLG-10491,0
PLG-10492,0
PLG-10496,0
PLG-10499,0
PLG-10500,0
PLG-10504,0
PLG-10509,0
PLG-10511,0
PLG-10513,0
PLG-10515,0
PLG-10519,0
PLG-10521,0
PLG-10522,0
PLG-10528,0
PLG-10529,0
PLG-10531,0
PLG-10532,0
PLG-10534,0
PLG-10538,0
PLG-10540,0
PLG-10544,0
PLG-10550,0
PLG-10551,0
PLG-10554,0
PLG-10555,0
PLG-10558,0
PLG-10561,0
PLG-10562,0
PLG-10564,0
PLG-10565,0
PLG-10569,0
PLG-10571,0
PLG-10574,0
PLG-10576,0
PLG-10580,0
PLG-10581,0
PLG-10582,0
PLG-10586,0
PLG-10587,0
PLG-10589,0
PLG-10590,0
PLG-10594,0
PLG-10595,0
PLG-10596,0
PLG-10598,0
PLG-10600,0
PLG-10602,0
PLG-10603,0
PLG-10605,0
PLG-10606,0
PLG-10615,0
PLG-10616,0
PLG-10619,0
PLG-10622,0
PLG-10630,0
PLG-10631,0
PLG-10647,0
PLG-10652,0
PLG-10654,0
PLG-10660,0
PLG-10662,0
PLG-10663,0
PLG-10667,0
PLG-10668,0
PLG-10670,0
PLG-10672,0
PLG-10677,0
PLG-10679,0
PLG-10681,0
PLG-10684,0
PLG-10688,0
PLG-10693,0
PLG-10697,0
PLG-10701,0
PLG-10704,0
PLG-10705,0
PLG-10706,0
PLG-10708,0
PLG-10709,0
PLG-10711,0
PLG-10715,0
PLG-10720,0
PLG-10721,0
PLG-10727,0
PLG-10728,0
PLG-10729,0
PLG-10731,0
PLG-10740,0
PLG-10742,0
PLG-10752,0
PLG-10753,0
PLG-10756,0
PLG-10763,0
PLG-10764,0
PLG-10769,0
PLG-10772,0
PLG-10779,0
PLG-10788,0
PLG-10793,0
PLG-10799,0
PLG-10803,0
PLG-10805,0
PLG-10811,0
PLG-10832,0
PLG-10835,0
PLG-10838,0
PLG-10842,0
PLG-10843,0
PLG-10847,0
PLG-10859,0
PLG-10860,0
PLG-10863,0
PLG-10864,0
PLG-10867,0
PLG-10874,0
PLG-10878,0
PLG-10886,0
PLG-10891,0
PLG-10893,0
PLG-10897,0
PLG-10899,0
PLG-10900,0
PLG-10901,0
PLG-10902,0
PLG-10907,0
PLG-10910,0
PLG-10911,0
PLG-10913,0
PLG-10914,0
PLG-10917,0
PLG-10919,0
PLG-10934,0
PLG-10935,0
PLG-10937,0
PLG-10938,0
PLG-10940,0
PLG-10946,0
PLG-10947,0
PLG-10951,0
PLG-10953,0
PLG-10959,0
PLG-10961,0
PLG-10968,0
PLG-10969,0
PLG-10973,0
PLG-10974,0
PLG-10976,0
PLG-10977,0
PLG-10982,0
PLG-10986,0
PLG-10988,0
PLG-10998,0
PLG-11003,0
PLG-11004,0
PLG-11005,0
PLG-11006,0
PLG-11024,0
PLG-11025,0
PLG-11029,0
PLG-11032,0
PLG-11035,0
PLG-11042,0
PLG-11045,0
PLG-11052,0
PLG-11055,0
PLG-11058,0
PLG-11061,0
PLG-11064,0
PLG-11070,0
PLG-11073,0
PLG-11074,0
PLG-11075,0
PLG-11080,0
PLG-11081,0
PLG-11083,0
PLG-11089,0
PLG-11094,0
PLG-11100,0
PLG-11102,0
PLG-11104,0
PLG-11110,0
PLG-11113,0
PLG-11114,0
PLG-11116,0
PLG-11118,0
PLG-11122,0
PLG-11123,0
PLG-11126,0
PLG-11127,0
PLG-11129,0
PLG-11130,0
PLG-11135,0
PLG-11139,0
PLG-11141,0
PLG-11146,0
PLG-11147,0
PLG-11149,0
PLG-11152,0
PLG-11153,0
PLG-11154,0
PLG-11160,0
PLG-11163,0
PLG-11164,0
PLG-11169,0
PLG-11171,0
PLG-11172,0
PLG-11174,0
PLG-11175,0
PLG-11179,0
PLG-11182,0
PLG-11183,0
PLG-11188,0
PLG-11189,0
PLG-11191,0
PLG-11192,0
PLG-11197,0
PLG-11198,0
PLG-11199,0
PLG-11200,0
PLG-11204,0
PLG-11205,0
PLG-11206,0
PLG-11211,0
PLG-11215,0
PLG-11217,0
PLG-11220,0
PLG-11221,0
PLG-11223,0
PLG-11224,0
PLG-11225,0
PLG-11228,0
PLG-11230,0
PLG-11232,0
PLG-11237,0
PLG-11238,0
PLG-11240,0
PLG-11246,0
PLG-11247,0
PLG-11248,0
PLG-11251,0
PLG-11257,0
PLG-11268,0
PLG-11269,0
PLG-11277,0
PLG-11278,0
PLG-11279,0
PLG-11283,0
PLG-11286,0
PLG-11288,0
PLG-11292,0
PLG-11295,0
PLG-11297,0
PLG-11305,0
PLG-11312,0
PLG-11315,0
PLG-11326,0
PLG-11331,0
PLG-11338,0
PLG-11339,0
PLG-11341,0
PLG-11343,0
PLG-11345,0
PLG-11346,0
PLG-11348,0
PLG-11350,0
PLG-11353,0
PLG-11354,0
PLG-11356,0
PLG-11358,0
PLG-11362,0
PLG-11367,0
PLG-11374,0
PLG-11381,0
PLG-11387,0
PLG-11391,0
PLG-11394,0
PLG-11395,0
PLG-11396,0
PLG-11407,0
PLG-11408,0
PLG-11415,0
PLG-11418,0
PLG-11420,0
PLG-11423,0
PLG-11429,0
PLG-11431,0
PLG-11432,0
PLG-11435,0
PLG-11436,0
PLG-11439,0
PLG-11440,0
PLG-11450,0
PLG-11451,0
PLG-11452,0
PLG-11455,0
PLG-11457,0
PLG-11458,0
PLG-11460,0
PLG-11462,0
PLG-11464,0
PLG-11470,0
PLG-11473,0
PLG-11484,0
PLG-11486,0
PLG-11496,0
PLG-11499,0
PLG-11501,0
PLG-11502,0
PLG-11505,0
PLG-11506,0
PLG-11509,0
PLG-11514,0
PLG-11515,0
PLG-11517,0
PLG-11524,0
PLG-11527,0
PLG-11535,0
PLG-11541,0
PLG-11549,0
PLG-11555,0
PLG-11557,0
PLG-11564,0
PLG-11579,0
PLG-11581,0
PLG-11587,0
PLG-11588,0
PLG-11592,0
PLG-11595,0
PLG-11596,0
PLG-11600,0
PLG-11606,0
PLG-11610,0
PLG-11618,0
PLG-11619,0
PLG-11622,0
PLG-11623,0
PLG-11624,0
PLG-11625,0
PLG-11627,0
PLG-11634,0
PLG-11638,0
PLG-11641,0
PLG-11648,0
PLG-11650,0
PLG-11651,0
PLG-11652,0
PLG-11653,0
PLG-11656,0
PLG-11658,0
PLG-11661,0
PLG-11662,0
PLG-11663,0
PLG-11667,0
PLG-11668,0
PLG-11671,0
PLG-11677,0
PLG-11686,0
PLG-11694,0
PLG-11700,0
PLG-11702,0
PLG-11710,0
PLG-11719,0
PLG-11720,0
PLG-11736,0
PLG-11737,0
PLG-11753,0
PLG-11758,0
PLG-11760,0
PLG-11767,0
PLG-11773,0
PLG-11774,0
PLG-11779,0
PLG-11785,0
PLG-11787,0
PLG-11790,0
PLG-11796,0
PLG-11799,0
PLG-11802,0
PLG-11805,0
PLG-11807,0
PLG-11811,0
PLG-11813,0
PLG-11816,0
PLG-11818,0
PLG-11820,0
PLG-11826,0
PLG-11831,0
PLG-11833,0
PLG-11834,0
PLG-11837,0
PLG-11838,0
PLG-11840,0
PLG-11841,0
PLG-11842,0
PLG-11844,0
PLG-11845,0
PLG-11853,0
PLG-11854,0
PLG-11855,0
PLG-11859,0
PLG-11861,0
PLG-11863,0
PLG-11869,0
PLG-11870,0
PLG-11875,0
PLG-11878,0
PLG-11882,0
PLG-11884,0
PLG-11888,0
PLG-11889,0
PLG-11892,0
PLG-11895,0
PLG-11896,0
PLG-11897,0
PLG-11898,0
PLG-11900,0
PLG-11901,0
PLG-11909,0
PLG-11910,0
PLG-11911,0
PLG-11914,0
PLG-11915,0
PLG-11922,0
PLG-11923,0
PLG-11931,0
PLG-11937,0
PLG-11939,0
PLG-11945,0
PLG-11948,0
PLG-11950,0
PLG-11954,0
PLG-11966,0
PLG-11967,0
PLG-11973,0
PLG-11978,0
PLG-11979,0
PLG-11987,0
PLG-11989,0
PLG-11992,0
PLG-12006,0
PLG-12007,0
PLG-12012,0
PLG-12014,0
PLG-12018,0
PLG-12020,0
PLG-12025,0
PLG-12026,0
PLG-12027,0
PLG-12029,0
PLG-12035,0
PLG-12038,0
PLG-12039,0
PLG-12041,0
PLG-12043,0
PLG-12045,0
PLG-12046,0
PLG-12049,0
PLG-12054,0
PLG-12056,0
PLG-12058,0
PLG-12063,0
PLG-12064,0
PLG-12067,0
PLG-12069,0
PLG-12075,0
PLG-12081,0
PLG-12083,0
PLG-12086,0
PLG-12087,0
PLG-12089,0
PLG-12094,0
PLG-12102,0
PLG-12103,0
PLG-12108,0
PLG-12113,0
PLG-12117,0
PLG-12121,0
PLG-12122,0
PLG-12132,0
PLG-12134,0
PLG-12135,0
PLG-12138,0
PLG-12140,0
PLG-12145,0
PLG-12147,0
PLG-12156,0
PLG-12158,0
PLG-12162,0
PLG-12163,0
PLG-12171,0
PLG-12172,0
PLG-12173,0
PLG-12176,0
PLG-12177,0
PLG-12181,0
PLG-12184,0
PLG-12187,0
PLG-12188,0
PLG-12190,0
PLG-12193,0
PLG-12195,0
PLG-12204,0
PLG-12206,0
PLG-12212,0
PLG-12214,0
PLG-12217,0
PLG-12219,0
PLG-12221,0
PLG-12226,0
PLG-12227,0
PLG-12228,0
PLG-12229,0
PLG-12232,0
PLG-12233,0
PLG-12234,0
PLG-12236,0
PLG-12240,0
PLG-12241,0
PLG-12242,0
PLG-12250,0
PLG-12253,0
PLG-12254,0
PLG-12257,0
PLG-12259,0
PLG-12260,0
PLG-12263,0
PLG-12266,0
PLG-12274,0
PLG-12283,0
PLG-12290,0
PLG-12293,0
PLG-12296,0
PLG-12298,0
PLG-12301,0
PLG-12302,0
PLG-12306,0
PLG-12309,0
PLG-12315,0
PLG-12320,0
PLG-12326,0
PLG-12327,0
PLG-12334,0
PLG-12344,0
PLG-12346,0
PLG-12348,0
PLG-12351,0
PLG-12354,0
PLG-12355,0
PLG-12365,0
PLG-12367,0
PLG-12370,0
PLG-12379,0
PLG-12382,0
PLG-12383,0
PLG-12384,0
PLG-12386,0
PLG-12388,0
PLG-12389,0
PLG-12398,0
PLG-12400,0
PLG-12401,0
PLG-12403,0
PLG-12407,0
PLG-12408,0
PLG-12411,0
PLG-12412,0
PLG-12415,0
PLG-12419,0
PLG-12423,0
PLG-12424,0
PLG-12429,0
PLG-12431,0
PLG-12434,0
PLG-12436,0
PLG-12442,0
PLG-12444,0
PLG-12458,0
PLG-12459,0
PLG-12470,0
PLG-12471,0
PLG-12479,0
PLG-12481,0
PLG-12485,0
PLG-12487,0
PLG-12490,0
PLG-12498,0
PLG-12503,0
PLG-12504,0
PLG-12505,0
PLG-12507,0
PLG-12511,0
PLG-12514,0
PLG-12517,0
PLG-12519,0
PLG-12523,0
PLG-12525,0
PLG-12532,0
PLG-12539,0
PLG-12542,0
PLG-12543,0
PLG-12547,0
PLG-12548,0
PLG-12550,0
PLG-12554,0
PLG-12557,0
PLG-12565,0
PLG-12566,0
PLG-12568,0
PLG-12572,0
PLG-12574,0
PLG-12578,0
PLG-12586,0
PLG-12587,0
PLG-12589,0
PLG-12594,0
PLG-12595,0
PLG-12603,0
PLG-12606,0
PLG-12610,0
PLG-12612,0
PLG-12614,0
PLG-12615,0
PLG-12616,0
PLG-12618,0
PLG-12621,0
PLG-12622,0
PLG-12623,0
PLG-12627,0
PLG-12630,0
PLG-12633,0
PLG-12635,0
PLG-12641,0
PLG-12643,0
PLG-12645,0
PLG-12647,0
PLG-12648,0
PLG-12651,0
PLG-12653,0
PLG-12654,0
PLG-12655,0
PLG-12657,0
PLG-12659,0
PLG-12662,0
PLG-12664,0
PLG-12666,0
PLG-12670,0
PLG-12671,0
PLG-12674,0
PLG-12681,0
PLG-12685,0
PLG-12686,0
PLG-12688,0
PLG-12691,0
PLG-12695,0
PLG-12700,0
PLG-12701,0
PLG-12705,0
PLG-12715,0
PLG-12717,0
PLG-12721,0
PLG-12723,0
PLG-12730,0
PLG-12732,0
PLG-12738,0
PLG-12744,0
PLG-12745,0
PLG-12747,0
PLG-12750,0
PLG-12753,0
PLG-12756,0
PLG-12758,0
PLG-12762,0
PLG-12765,0
PLG-12771,0
PLG-12773,0
PLG-12776,0
PLG-12780,0
PLG-12783,0
PLG-12785,0
PLG-12797,0
PLG-12799,0
PLG-12800,0
PLG-12806,0
PLG-12808,0
PLG-12811,0
PLG-12816,0
PLG-12817,0
PLG-12818,0
PLG-12821,0
PLG-12822,0
PLG-12828,0
PLG-12837,0
PLG-12841,0
PLG-12843,0
PLG-12848,0
PLG-12849,0
PLG-12850,0
PLG-12855,0
PLG-12857,0
PLG-12859,0
PLG-12874,0
PLG-12879,0
PLG-12881,0
PLG-12882,0
PLG-12883,0
PLG-12884,0
PLG-12890,0
PLG-12891,0
PLG-12896,0
PLG-12898,0
PLG-12906,0
PLG-12909,0
PLG-12911,0
PLG-12915,0
PLG-12916,0
PLG-12917,0
PLG-12919,0
PLG-12923,0
PLG-12924,0
PLG-12929,0
PLG-12936,0
PLG-12939,0
PLG-12943,0
PLG-12946,0
PLG-12949,0
PLG-12950,0
PLG-12957,0
PLG-12964,0
PLG-12970,0
PLG-12972,0
PLG-12975,0
PLG-12978,0
PLG-12980,0
PLG-12986,0
PLG-12987,0
PLG-12990,0
PLG-12991,0
PLG-12997,0
PLG-13001,0
PLG-13006,0
PLG-13008,0
PLG-13009,0
PLG-13015,0
PLG-13018,0
PLG-13019,0
PLG-13020,0
PLG-13026,0
PLG-13033,0
PLG-13036,0
PLG-13039,0
PLG-13047,0
PLG-13051,0
PLG-13052,0
PLG-13053,0
PLG-13054,0
PLG-13062,0
PLG-13064,0
PLG-13065,0
PLG-13066,0
PLG-13077,0
PLG-13081,0
PLG-13090,0
PLG-13092,0
PLG-13093,0
PLG-13098,0
PLG-13099,0
PLG-13102,0
PLG-13108,0
PLG-13113,0
PLG-13115,0
PLG-13116,0
PLG-13119,0
PLG-13123,0
PLG-13132,0
PLG-13135,0
PLG-13136,0
PLG-13140,0
PLG-13142,0
PLG-13144,0
PLG-13145,0
PLG-13151,0
PLG-13154,0
PLG-13157,0
PLG-13165,0
PLG-13166,0
PLG-13178,0
PLG-13181,0
PLG-13189,0
PLG-13193,0
PLG-13196,0
PLG-13198,0
PLG-13201,0
PLG-13203,0
PLG-13204,0
PLG-13214,0
PLG-13215,0
PLG-13218,0
PLG-13219,0
PLG-13226,0
PLG-13228,0
PLG-13231,0
PLG-13239,0
PLG-13242,0
PLG-13243,0
PLG-13245,0
PLG-13246,0
PLG-13249,0
PLG-13251,0
PLG-13257,0
PLG-13258,0
PLG-13260,0
PLG-13262,0
PLG-13266,0
PLG-13267,0
PLG-13272,0
PLG-13273,0
PLG-13274,0
PLG-13275,0
PLG-13281,0
PLG-13282,0
PLG-13283,0
PLG-13288,0
PLG-13289,0
PLG-13293,0
PLG-13295,0
PLG-13297,0
PLG-13301,0
PLG-13313,0
PLG-13316,0
PLG-13318,0
PLG-13320,0
PLG-13326,0
PLG-13327,0
PLG-13328,0
PLG-13331,0
PLG-13335,0
PLG-13339,0
PLG-13346,0
PLG-13348,0
PLG-13351,0
PLG-13355,0
PLG-13360,0
PLG-13361,0
PLG-13364,0
PLG-13366,0
PLG-13371,0
PLG-13372,0
PLG-13377,0
PLG-13381,0
PLG-13384,0
PLG-13389,0
PLG-13391,0
PLG-13397,0
PLG-13398,0
