id,harga_juta
3,1506.5
7,1506.5
8,1506.5
11,1506.5
16,1506.5
17,1506.5
18,1506.5
21,1506.5
23,1506.5
25,1506.5
26,1506.5
27,1506.5
35,1506.5
36,1506.5
39,1506.5
45,1506.5
46,1506.5
50,1506.5
52,1506.5
55,1506.5
56,1506.5
59,1506.5
62,1506.5
67,1506.5
68,1506.5
70,1506.5
72,1506.5
75,1506.5
81,1506.5
83,1506.5
88,1506.5
92,1506.5
95,1506.5
96,1506.5
99,1506.5
101,1506.5
104,1506.5
107,1506.5
109,1506.5
124,1506.5
125,1506.5
126,1506.5
132,1506.5
137,1506.5
138,1506.5
142,1506.5
147,1506.5
149,1506.5
150,1506.5
155,1506.5
156,1506.5
158,1506.5
159,1506.5
160,1506.5
162,1506.5
170,1506.5
174,1506.5
175,1506.5
177,1506.5
178,1506.5
181,1506.5
184,1506.5
186,1506.5
188,1506.5
192,1506.5
194,1506.5
196,1506.5
198,1506.5
201,1506.5
211,1506.5
212,1506.5
214,1506.5
221,1506.5
226,1506.5
234,1506.5
236,1506.5
245,1506.5
248,1506.5
250,1506.5
257,1506.5
258,1506.5
259,1506.5
263,1506.5
265,1506.5
273,1506.5
275,1506.5
280,1506.5
282,1506.5
283,1506.5
284,1506.5
286,1506.5
287,1506.5
290,1506.5
295,1506.5
297,1506.5
299,1506.5
300,1506.5
303,1506.5
306,1506.5
311,1506.5
312,1506.5
315,1506.5
321,1506.5
322,1506.5
323,1506.5
325,1506.5
334,1506.5
336,1506.5
340,1506.5
344,1506.5
345,1506.5
346,1506.5
347,1506.5
351,1506.5
353,1506.5
355,1506.5
358,1506.5
368,1506.5
376,1506.5
389,1506.5
396,1506.5
401,1506.5
404,1506.5
405,1506.5
406,1506.5
407,1506.5
410,1506.5
411,1506.5
416,1506.5
421,1506.5
425,1506.5
430,1506.5
441,1506.5
442,1506.5
450,1506.5
453,1506.5
456,1506.5
457,1506.5
461,1506.5
462,1506.5
465,1506.5
467,1506.5
468,1506.5
473,1506.5
474,1506.5
475,1506.5
484,1506.5
485,1506.5
488,1506.5
493,1506.5
495,1506.5
497,1506.5
499,1506.5
503,1506.5
507,1506.5
518,1506.5
519,1506.5
524,1506.5
529,1506.5
534,1506.5
538,1506.5
540,1506.5
541,1506.5
542,1506.5
544,1506.5
546,1506.5
548,1506.5
553,1506.5
554,1506.5
556,1506.5
565,1506.5
566,1506.5
572,1506.5
575,1506.5
587,1506.5
589,1506.5
590,1506.5
592,1506.5
594,1506.5
595,1506.5
601,1506.5
608,1506.5
611,1506.5
612,1506.5
619,1506.5
622,1506.5
623,1506.5
626,1506.5
627,1506.5
630,1506.5
632,1506.5
634,1506.5
639,1506.5
640,1506.5
642,1506.5
644,1506.5
645,1506.5
651,1506.5
652,1506.5
655,1506.5
666,1506.5
669,1506.5
671,1506.5
674,1506.5
677,1506.5
678,1506.5
688,1506.5
693,1506.5
695,1506.5
696,1506.5
701,1506.5
703,1506.5
704,1506.5
708,1506.5
712,1506.5
713,1506.5
714,1506.5
717,1506.5
722,1506.5
735,1506.5
740,1506.5
747,1506.5
748,1506.5
750,1506.5
752,1506.5
759,1506.5
764,1506.5
769,1506.5
771,1506.5
774,1506.5
783,1506.5
790,1506.5
797,1506.5
800,1506.5
802,1506.5
806,1506.5
812,1506.5
813,1506.5
814,1506.5
822,1506.5
835,1506.5
842,1506.5
844,1506.5
845,1506.5
847,1506.5
848,1506.5
849,1506.5
851,1506.5
855,1506.5
859,1506.5
863,1506.5
871,1506.5
873,1506.5
876,1506.5
877,1506.5
879,1506.5
892,1506.5
899,1506.5
906,1506.5
914,1506.5
915,1506.5
918,1506.5
931,1506.5
933,1506.5
936,1506.5
947,1506.5
950,1506.5
953,1506.5
954,1506.5
965,1506.5
967,1506.5
969,1506.5
975,1506.5
976,1506.5
986,1506.5
987,1506.5
994,1506.5
995,1506.5
997,1506.5
1000,1506.5
1008,1506.5
1017,1506.5
1018,1506.5
1020,1506.5
1022,1506.5
1027,1506.5
1032,1506.5
1035,1506.5
1037,1506.5
1039,1506.5
1048,1506.5
1052,1506.5
1055,1506.5
1059,1506.5
1061,1506.5
1063,1506.5
1071,1506.5
1074,1506.5
1076,1506.5
1080,1506.5
1081,1506.5
1084,1506.5
1085,1506.5
1086,1506.5
1089,1506.5
1092,1506.5
1095,1506.5
1098,1506.5
1101,1506.5
1102,1506.5
1105,1506.5
1110,1506.5
1113,1506.5
1117,1506.5
1118,1506.5
1119,1506.5
1130,1506.5
1134,1506.5
1135,1506.5
1146,1506.5
1149,1506.5
1151,1506.5
1155,1506.5
1162,1506.5
1165,1506.5
1167,1506.5
1171,1506.5
1174,1506.5
1175,1506.5
1182,1506.5
1185,1506.5
1188,1506.5
1189,1506.5
1190,1506.5
1191,1506.5
1192,1506.5
1195,1506.5
1198,1506.5
1199,1506.5
1202,1506.5
1206,1506.5
1213,1506.5
1215,1506.5
1220,1506.5
1221,1506.5
1223,1506.5
1225,1506.5
1228,1506.5
1231,1506.5
1236,1506.5
1238,1506.5
1246,1506.5
1255,1506.5
1266,1506.5
1267,1506.5
1272,1506.5
1276,1506.5
1282,1506.5
1289,1506.5
1290,1506.5
1292,1506.5
1302,1506.5
1303,1506.5
1305,1506.5
1308,1506.5
1316,1506.5
1318,1506.5
1324,1506.5
1328,1506.5
1330,1506.5
1332,1506.5
1334,1506.5
1338,1506.5
1342,1506.5
1348,1506.5
1349,1506.5
1354,1506.5
1364,1506.5
1366,1506.5
1369,1506.5
1384,1506.5
1386,1506.5
1388,1506.5
1390,1506.5
1392,1506.5
1397,1506.5
1399,1506.5
1413,1506.5
1414,1506.5
1416,1506.5
1417,1506.5
1436,1506.5
1439,1506.5
1440,1506.5
1441,1506.5
1447,1506.5
1453,1506.5
1454,1506.5
1458,1506.5
1461,1506.5
1462,1506.5
1466,1506.5
1470,1506.5
1472,1506.5
1473,1506.5
1475,1506.5
1478,1506.5
1481,1506.5
1482,1506.5
1484,1506.5
1488,1506.5
1493,1506.5
1507,1506.5
1511,1506.5
1519,1506.5
1521,1506.5
1527,1506.5
1528,1506.5
1530,1506.5
1536,1506.5
1538,1506.5
1540,1506.5
1541,1506.5
1544,1506.5
1551,1506.5
1552,1506.5
1555,1506.5
1557,1506.5
1558,1506.5
1564,1506.5
1566,1506.5
1574,1506.5
1578,1506.5
1581,1506.5
1582,1506.5
1588,1506.5
1589,1506.5
1591,1506.5
1594,1506.5
1595,1506.5
1602,1506.5
1605,1506.5
1606,1506.5
1610,1506.5
1612,1506.5
1615,1506.5
1616,1506.5
1620,1506.5
1628,1506.5
1630,1506.5
1632,1506.5
1634,1506.5
1636,1506.5
1638,1506.5
1640,1506.5
1643,1506.5
1644,1506.5
1650,1506.5
1651,1506.5
1657,1506.5
1660,1506.5
1666,1506.5
1667,1506.5
1670,1506.5
1671,1506.5
1684,1506.5
1686,1506.5
1690,1506.5
1693,1506.5
1697,1506.5
1698,1506.5
1702,1506.5
1707,1506.5
1710,1506.5
1715,1506.5
1716,1506.5
1720,1506.5
1724,1506.5
1725,1506.5
1733,1506.5
1742,1506.5
1744,1506.5
1745,1506.5
1746,1506.5
1749,1506.5
1750,1506.5
1752,1506.5
1754,1506.5
1756,1506.5
1758,1506.5
1764,1506.5
1765,1506.5
1768,1506.5
1773,1506.5
1774,1506.5
1779,1506.5
1787,1506.5
1790,1506.5
1793,1506.5
1803,1506.5
1804,1506.5
1805,1506.5
1806,1506.5
1807,1506.5
1810,1506.5
1811,1506.5
1813,1506.5
1818,1506.5
1821,1506.5
1824,1506.5
1827,1506.5
1836,1506.5
1837,1506.5
1843,1506.5
1847,1506.5
1848,1506.5
1857,1506.5
1861,1506.5
1864,1506.5
1866,1506.5
1867,1506.5
1869,1506.5
1870,1506.5
1873,1506.5
1880,1506.5
1884,1506.5
1886,1506.5
1888,1506.5
1889,1506.5
1892,1506.5
1893,1506.5
1895,1506.5
1899,1506.5
1905,1506.5
1907,1506.5
1913,1506.5
1919,1506.5
1923,1506.5
1925,1506.5
1930,1506.5
1931,1506.5
1935,1506.5
1938,1506.5
1950,1506.5
1954,1506.5
1963,1506.5
1970,1506.5
1982,1506.5
1984,1506.5
1986,1506.5
1993,1506.5
1997,1506.5
1998,1506.5
2004,1506.5
2008,1506.5
2009,1506.5
2010,1506.5
2011,1506.5
2012,1506.5
2013,1506.5
2014,1506.5
2017,1506.5
2018,1506.5
2022,1506.5
2026,1506.5
2028,1506.5
2034,1506.5
2035,1506.5
2036,1506.5
2037,1506.5
2047,1506.5
2049,1506.5
2057,1506.5
2060,1506.5
2065,1506.5
2066,1506.5
2070,1506.5
2071,1506.5
2072,1506.5
2082,1506.5
2089,1506.5
2095,1506.5
2098,1506.5
2103,1506.5
2104,1506.5
2106,1506.5
2107,1506.5
2119,1506.5
2120,1506.5
2122,1506.5
2123,1506.5
2126,1506.5
2131,1506.5
2132,1506.5
2134,1506.5
2135,1506.5
2136,1506.5
2141,1506.5
2143,1506.5
2146,1506.5
2147,1506.5
2150,1506.5
2159,1506.5
2165,1506.5
2166,1506.5
2169,1506.5
2171,1506.5
2172,1506.5
2176,1506.5
2178,1506.5
2179,1506.5
2180,1506.5
2186,1506.5
2188,1506.5
2190,1506.5
2191,1506.5
2196,1506.5
2200,1506.5
2202,1506.5
2217,1506.5
2218,1506.5
2219,1506.5
2220,1506.5
2222,1506.5
2226,1506.5
2229,1506.5
2240,1506.5
2242,1506.5
2245,1506.5
2252,1506.5
2254,1506.5
2257,1506.5
2258,1506.5
2259,1506.5
2266,1506.5
2270,1506.5
2272,1506.5
2277,1506.5
2278,1506.5
2280,1506.5
2282,1506.5
2283,1506.5
2284,1506.5
2286,1506.5
2287,1506.5
2291,1506.5
2294,1506.5
2304,1506.5
2305,1506.5
2306,1506.5
2310,1506.5
2316,1506.5
2325,1506.5
2332,1506.5
2338,1506.5
2339,1506.5
2352,1506.5
2353,1506.5
2355,1506.5
2356,1506.5
2361,1506.5
2364,1506.5
2366,1506.5
2369,1506.5
2376,1506.5
2379,1506.5
2380,1506.5
2383,1506.5
2390,1506.5
2393,1506.5
2397,1506.5
2398,1506.5
2404,1506.5
2405,1506.5
2407,1506.5
2408,1506.5
2412,1506.5
2426,1506.5
2429,1506.5
2432,1506.5
2435,1506.5
2439,1506.5
2441,1506.5
2444,1506.5
2449,1506.5
2450,1506.5
2452,1506.5
2455,1506.5
2457,1506.5
2461,1506.5
2465,1506.5
2467,1506.5
2471,1506.5
2478,1506.5
2482,1506.5
2483,1506.5
2485,1506.5
2488,1506.5
2496,1506.5
2497,1506.5
